produto;classificação;unidade/peso;menor;comum;maior;quilo;data
ABACATE AVOCADO;A              ;KG  ;9,79;10,79;11,79;1;26/09/2018
ABACATE BREDA;A BOCA 8 a 10  ;KG  ;4,13;4,29;4,45;1;26/09/2018
ABACATE BREDA;B BOCA 11 e 12 ;KG  ;3,61;3,77;3,93;1;26/09/2018
ABACATE MARGARIDA;A BOCA 8 a 10  ;KG  ;2,75;2,89;3,02;1;26/09/2018
ABACATE MARGARIDA;B BOCA 11 e 12 ;KG  ;2,42;2,55;2,69;1;26/09/2018
ABACAXI HAVAI;A GRAUDO       ;UND ;4,05;4,24;4,53;2,2;26/09/2018
ABACAXI HAVAI;B MEDIO        ;UND ;3,34;3,72;4,01;1,8;26/09/2018
ABACAXI HAVAI;C MIUDO        ;UND ;2,08;2,55;3,03;1,4;26/09/2018
ABACAXI PEROLA;A GRAUDO       ;UND ;3,82;4,12;4,33;1,8;26/09/2018
ABACAXI PEROLA;B MEDIO        ;UND ;3,14;3,5;3,78;1,4;26/09/2018
ABACAXI PEROLA;C MIUDO        ;UND ;2,17;2,53;2,89;1;26/09/2018
ACEROLA FRESCA;-;KG  ;14,93;15,93;16,93;1;26/09/2018
AMEIXA ESTRANG. ESPANHOLA;-;KG  ;8,36;9,04;9,72;1;26/09/2018
ATEMOIA ;12 FRUTOS      ;KG  ;8,91;9,91;10,91;1;26/09/2018
ATEMOIA ;15 FRUTOS      ;KG  ;7,33;8,12;8,9;1;26/09/2018
ATEMOIA ;8/10 FRUTOS    ;KG  ;10,91;11,91;12,92;1;26/09/2018
BANANA MACA;-;KG  ;3,86;4,23;4,63;1;26/09/2018
BANANA NANICA CLIMAT.;-;KG  ;1,81;2,01;2,16;1;26/09/2018
BANANA OURO;-;KG  ;4,17;4,65;4,95;1;26/09/2018
BANANA PRATA MG;-;KG  ;2;2,2;2,39;1;26/09/2018
BANANA PRATA SP;-;KG  ;1,74;1,91;2,1;1;26/09/2018
BANANA TERRA;-;KG  ;2,35;2,68;2,91;1;26/09/2018
CAJU ;A              ;KG  ;13,7;14,7;15,7;1;26/09/2018
CAJU ;B              ;KG  ;10,93;11,93;12,93;1;26/09/2018
CARAMBOLA ;-;KG  ;6,93;7,86;8,79;1;26/09/2018
CASTANHA ESTRANGEIRA;PORTUGUESA     ;KG  ;48;49;50;1;26/09/2018
COCO VERDE ;-;UND ;1,36;1,43;1,5;2,5;26/09/2018
FIGO ;A              ;KG  ;23,78;24,78;25,78;1;26/09/2018
FIGO ;B              ;KG  ;20;21;22;1;26/09/2018
FRUTA DO CONDE ;12 FRUTOS      ;KG  ;6,84;7,84;8,84;1;26/09/2018
FRUTA DO CONDE ;15 FRUTOS      ;KG  ;5,27;6,05;6,84;1;26/09/2018
FRUTA DO CONDE ;18 FRUTOS      ;KG  ;4,27;4,77;5,27;1;26/09/2018
FRUTA DO CONDE ;9/10 FRUTOS    ;KG  ;8,84;9,84;10,84;1;26/09/2018
GOIABA BRANCA;12 FRUTOS      ;KG  ;3,79;4,19;4,58;1;26/09/2018
GOIABA BRANCA;15 FRUTOS      ;KG  ;3,79;4,19;4,58;1;26/09/2018
GOIABA BRANCA;18 FRUTOS      ;KG  ;2,95;3,34;3,72;1;26/09/2018
GOIABA BRANCA;9 FRUTOS       ;KG  ;3,79;4,19;4,58;1;26/09/2018
GOIABA VERMELHA;12 FRUTOS      ;KG  ;4,06;4,44;4,8;1;26/09/2018
GOIABA VERMELHA;15 FRUTOS      ;KG  ;4,06;4,44;4,8;1;26/09/2018
GOIABA VERMELHA;18 FRUTOS      ;KG  ;3,2;3,56;3,92;1;26/09/2018
GOIABA VERMELHA;9 FRUTOS       ;KG  ;4,06;4,44;4,8;1;26/09/2018
GRAVIOLA ;-;KG  ;5,34;5,84;6,34;1;26/09/2018
JABUTICABA ;-;KG  ;11,85;12,87;13,88;1;26/09/2018
JACA ;-;KG  ;1,82;2,03;2,23;1;26/09/2018
KIWI ESTRANG. CHILENO;-;KG  ;7,61;8,14;8,67;1;26/09/2018
KIWI ESTRANG. NOVA ZELANDIA;-;KG  ;12,08;14,04;16;1;26/09/2018
LARANJA BAIA;A (7/10 DZ)    ;KG  ;2,64;2,74;2,84;1;26/09/2018
LARANJA BAIA;B (11/13 DZ)   ;KG  ;2,27;2,37;2,47;1;26/09/2018
LARANJA BAIA;C (14/15 DZ)   ;KG  ;1,86;1,96;2,06;1;26/09/2018
LARANJA LIMA;A (9/12 DZ)    ;KG  ;1,94;2,04;2,12;1;26/09/2018
LARANJA LIMA;B (13/15 DZ)   ;KG  ;1,82;1,9;1,95;1;26/09/2018
LARANJA LIMA;C (16/21 DZ)   ;KG  ;1,55;1,65;1,75;1;26/09/2018
LARANJA PERA;A (9/12 DZ)    ;KG  ;1,74;1,83;1,9;1;26/09/2018
LARANJA PERA;B (13/15 DZ)   ;KG  ;1,6;1,65;1,7;1;26/09/2018
LARANJA PERA;C (16/21 DZ)   ;KG  ;1,39;1,48;1,56;1;26/09/2018
LARANJA SELETA;A (8/10 DZ)    ;KG  ;1,52;1,57;1,62;1;26/09/2018
LARANJA SELETA;B (11/13 DZ)   ;KG  ;1,34;1,39;1,44;1;26/09/2018
LARANJA SELETA;C (18/21 DZ)   ;KG  ;1,15;1,25;1,35;1;26/09/2018
LIMA PERSIA;A (9/10 DZ)    ;KG  ;2,74;2,88;3;1;26/09/2018
LIMA PERSIA;B (13/15 DZ)   ;KG  ;2,41;2,53;2,66;1;26/09/2018
LIMA PERSIA;C (18/24 DZ)   ;KG  ;2,07;2,11;2,31;1;26/09/2018
LIMAO TAITI;A (15/18 DZ)   ;KG  ;5;5,2;5,4;1;26/09/2018
LIMAO TAITI;B (21/27 DZ)   ;KG  ;4,46;4,74;4,99;1;26/09/2018
LIMAO TAITI;C (+ de 31 DZ) ;KG  ;3,73;4,07;4,36;1;26/09/2018
MACA ESTRANG. GRANNY SMITH;80-162 FRUTOS  ;KG  ;5,45;5,8;6,18;1;26/09/2018
MACA ESTRANG. RED DEL;80-163 FRUTOS  ;KG  ;5,72;6,43;7,21;1;26/09/2018
MACA NACIONAL FUJI;110-135 FRUTOS ;KG  ;4,91;5,15;5,35;1;26/09/2018
MACA NACIONAL FUJI;150-180 FRUTOS ;KG  ;4,17;4,46;4,72;1;26/09/2018
MACA NACIONAL FUJI;80-100 FRUTOS  ;KG  ;5,38;5,64;5,91;1;26/09/2018
MACA NACIONAL GALA;110-135 FRUTOS ;KG  ;5,15;5,38;5,58;1;26/09/2018
MACA NACIONAL GALA;150-180 FRUTOS ;KG  ;4,51;4,78;5,01;1;26/09/2018
MACA NACIONAL GALA;80-100 FRUTOS  ;KG  ;5,64;5,91;6,21;1;26/09/2018
MAMAO FORMOSA;A              ;KG  ;2,33;2,48;2,63;1;26/09/2018
MAMAO FORMOSA;B              ;KG  ;1,9;2,05;2,22;1;26/09/2018
MAMAO HAVAI;12 FRUTOS      ;KG  ;2;2,13;2,25;1;26/09/2018
MAMAO HAVAI;15 FRUTOS      ;KG  ;2,06;2,18;2,3;1;26/09/2018
MAMAO HAVAI;18 FRUTOS      ;KG  ;2,03;2,15;2,26;1;26/09/2018
MAMAO HAVAI;21 FRUTOS      ;KG  ;1,62;1,76;1,89;1;26/09/2018
MAMAO HAVAI;24/28 FRUTOS   ;KG  ;1,39;1,51;1,64;1;26/09/2018
MANGA HADEM;12 FRUTOS      ;KG  ;3,33;3,83;4,33;1;26/09/2018
MANGA HADEM;15 FRUTOS      ;KG  ;2,33;2,83;3,33;1;26/09/2018
MANGA HADEM;18 FRUTOS      ;KG  ;2,1;2,26;2,33;1;26/09/2018
MANGA HADEM;9 FRUTOS       ;KG  ;3,33;3,83;4,33;1;26/09/2018
MANGA PALMER;12 FRUTOS      ;KG  ;3;3,16;3,33;1;26/09/2018
MANGA PALMER;15 FRUTOS      ;KG  ;2,53;2,7;2,86;1;26/09/2018
MANGA PALMER;18 FRUTOS      ;KG  ;2,08;2,21;2,35;1;26/09/2018
MANGA PALMER;9 FRUTOS       ;KG  ;3,01;3,18;3,34;1;26/09/2018
MANGA TOMMY ATKINS;12 FRUTOS      ;KG  ;2,5;2,6;2,7;1;26/09/2018
MANGA TOMMY ATKINS;15 FRUTOS      ;KG  ;2,2;2,3;2,4;1;26/09/2018
MANGA TOMMY ATKINS;18 FRUTOS      ;KG  ;1,9;2;2,1;1;26/09/2018
MARACUJA AZEDO;A              ;KG  ;4,04;4,16;4,29;1;26/09/2018
MARACUJA AZEDO;B              ;KG  ;3,56;3,69;3,82;1;26/09/2018
MARACUJA AZEDO;C              ;KG  ;3,04;3,2;3,34;1;26/09/2018
MARACUJA DOCE;10 FRUTOS      ;KG  ;6,69;7,28;7,87;1;26/09/2018
MARACUJA DOCE;12 FRUTOS      ;KG  ;4,96;5,55;6,14;1;26/09/2018
MARACUJA DOCE;15 FRUTOS      ;KG  ;3,3;3,8;4,29;1;26/09/2018
MARACUJA DOCE;8 FRUTOS       ;KG  ;6,69;7,28;7,87;1;26/09/2018
MELANCIA REDON/COMPRIDA;GRAUDA maior 10;KG  ;1,57;1,64;1,69;1;26/09/2018
MELANCIA REDON/COMPRIDA;MEDIA De 7 a 10;KG  ;1,43;1,47;1,55;1;26/09/2018
MELANCIA REDON/COMPRIDA;MIUDA menor 7 k;KG  ;1,31;1,36;1,42;1;26/09/2018
MELAO AMARELO;10/11 FRUTOS   ;KG  ;2,05;2,17;2,29;1;26/09/2018
MELAO AMARELO;12/14 FRUTOS   ;KG  ;1,77;1,89;2,01;1;26/09/2018
MELAO AMARELO;6/7 FRUTOS     ;KG  ;2,35;2,45;2,56;1;26/09/2018
MELAO AMARELO;8/9 FRUTOS     ;KG  ;2,35;2,45;2,56;1;26/09/2018
MEXERICA RIO;A              ;KG  ;4,98;5,2;5,36;1;26/09/2018
MEXERICA RIO;B              ;KG  ;4,48;4,7;4,86;1;26/09/2018
MEXERICA RIO;C              ;KG  ;3,68;4,02;4,36;1;26/09/2018
MORANGO CAMINHO REAL;-;KG  ;11,78;12,88;13,97;1;26/09/2018
MORANGO COMUM;-;KG  ;8,85;9,85;10,85;1;26/09/2018
NECTARINA ESTRA ESPANHOLA;-;KG  ;7,71;8,55;9,41;1;26/09/2018
NESPERA ;(4 CUMBUCA )   ;KG  ;18;19;20;1;26/09/2018
PERA ESTRANG. DANJOU;-;KG  ;4,8;5,26;5,68;1;26/09/2018
PERA ESTRANG. PACK-S TRIUMPH;-;KG  ;4,71;5,06;5,36;1;26/09/2018
PERA ESTRANG. ROCHA;-;KG  ;7,76;8,27;8,77;1;26/09/2018
PERA ESTRANG. WILLIAM-S;-;KG  ;5,62;6,22;6,88;1;26/09/2018
PESSEGO ESTRANG ESPANHOL;-;KG  ;6,12;6,67;7,18;1;26/09/2018
QUINCAM ;-;KG  ;13;14;15;1;26/09/2018
ROMA ;-;KG  ;17,63;19,4;21,17;1;26/09/2018
TANGERINA MURCOT;A (8/10 DZ)    ;KG  ;2,41;2,53;2,68;1;26/09/2018
TANGERINA MURCOT;B (11/12 DZ)   ;KG  ;2,04;2,18;2,32;1;26/09/2018
TANGERINA MURCOT;C (13/15 DZ)   ;KG  ;1,66;1,83;2;1;26/09/2018
UVA BENITAKA;-;KG  ;4,91;5,52;6,12;1;26/09/2018
UVA BRASIL;ESPECIAL       ;KG  ;3,91;4,41;4,91;1;26/09/2018
UVA BRASIL;EXTRA          ;KG  ;4,91;5,41;5,91;1;26/09/2018
UVA BRASIL;EXTRA A        ;KG  ;5,91;6,41;6,91;1;26/09/2018
UVA CRINSSON;-;KG  ;7,75;8,63;9,49;1;26/09/2018
UVA ESTRANG. MOSCATEL;-;KG  ;6;7;8;1;26/09/2018
UVA ITALIA;ESPECIAL       ;KG  ;3,4;3,85;4,29;1;26/09/2018
UVA ITALIA;EXTRA          ;KG  ;4,31;4,79;5,28;1;26/09/2018
UVA ITALIA;EXTRA A        ;KG  ;5,29;5,77;6,25;1;26/09/2018
UVA NIAGARA;ESPECIAL       ;KG  ;4,41;4,91;5,41;1;26/09/2018
UVA NIAGARA;EXTRA          ;KG  ;5,41;5,91;6,41;1;26/09/2018
UVA NIAGARA;EXTRA A        ;KG  ;6,41;6,92;7,42;1;26/09/2018
UVA RED GLOBE;-;KG  ;6,11;6,94;7,77;1;26/09/2018
UVA RUBI;ESPECIAL       ;KG  ;3,55;4,04;4,54;1;26/09/2018
UVA RUBI;EXTRA          ;KG  ;4,54;5,04;5,53;1;26/09/2018
UVA RUBI;EXTRA A        ;KG  ;5,54;6,03;6,52;1;26/09/2018
UVA THOMPSON;-;KG  ;7,98;8,93;9,88;1;26/09/2018
UVA VITORIA;-;KG  ;6,23;7,21;8,18;1;26/09/2018
ABOBORA JAPONESA;-;KG  ;1,28;1,51;1,76;1;25/09/2018
ABOBORA MORANGA;-;KG  ;1,06;1,25;1,5;1;25/09/2018
ABOBORA PAULISTA;-;KG  ;2,36;2,7;2,86;1;25/09/2018
ABOBORA SECA;-;KG  ;1,55;1,81;2,13;1;25/09/2018
ABOBRINHA BRASILEIRA;EXTRA          ;KG  ;0,95;1,11;1,27;1;25/09/2018
ABOBRINHA BRASILEIRA;EXTRA A        ;KG  ;1,33;1,45;1,57;1;25/09/2018
ABOBRINHA BRASILEIRA;EXTRA AA       ;KG  ;1,67;1,79;1,9;1;25/09/2018
ABOBRINHA ITALIANA;EXTRA          ;KG  ;1,01;1,13;1,25;1;25/09/2018
ABOBRINHA ITALIANA;EXTRA A        ;KG  ;1,34;1,44;1,54;1;25/09/2018
ABOBRINHA ITALIANA;EXTRA AA       ;KG  ;1,67;1,77;1,88;1;25/09/2018
ALCACHOFRA ;GRAUDA         ;CB  ;7,36;7,89;8,43;0,25;25/09/2018
ALCACHOFRA ;MEDIA          ;CB  ;4,94;5,44;5,94;0,2;25/09/2018
ALCACHOFRA ;MIUDA          ;CB  ;2,94;3,44;4,42;0,1;25/09/2018
BATATA DOCE AMARELA;EXTRA          ;KG  ;1,95;2,1;2,26;1;25/09/2018
BATATA DOCE AMARELA;EXTRA A        ;KG  ;2,52;2,68;2,84;1;25/09/2018
BATATA DOCE AMARELA;EXTRA AA       ;KG  ;3,06;3,25;3,43;1;25/09/2018
BATATA DOCE ROSADA;EXTRA          ;KG  ;1,81;1,97;2,1;1;25/09/2018
BATATA DOCE ROSADA;EXTRA A        ;KG  ;2,28;2,41;2,53;1;25/09/2018
BATATA DOCE ROSADA;EXTRA AA       ;KG  ;2,7;2,83;2,96;1;25/09/2018
BERINJELA ;EXTRA          ;KG  ;1,71;1,92;2,11;1;25/09/2018
BERINJELA ;EXTRA A        ;KG  ;2,21;2,41;2,61;1;25/09/2018
BERINJELA ;EXTRA AA       ;KG  ;2,71;2,92;3,1;1;25/09/2018
BERINJELA CONSERVA;ESPECIAL       ;KG  ;4;4,5;5;1;25/09/2018
BERINJELA CONSERVA;EXTRA          ;KG  ;5;5,5;6;1;25/09/2018
BERINJELA CONSERVA;PRIMEIRA       ;KG  ;3;3,5;4;1;25/09/2018
BERINJELA JAPONESA;ESPECIAL       ;KG  ;5;5,5;6;1;25/09/2018
BERINJELA JAPONESA;EXTRA          ;KG  ;6;6,5;7;1;25/09/2018
BERINJELA JAPONESA;PRIMEIRA       ;KG  ;4;4,5;5;1;25/09/2018
BETERRABA ;EXTRA          ;KG  ;1,04;1,11;1,21;1;25/09/2018
BETERRABA ;EXTRA A        ;KG  ;1,27;1,37;1,46;1;25/09/2018
BETERRABA ;EXTRA AA       ;KG  ;1,51;1,61;1,71;1;25/09/2018
CARA ;EXTRA          ;KG  ;1,47;1,62;1,77;1;25/09/2018
CARA ;EXTRA A        ;KG  ;1,9;2,05;2,2;1;25/09/2018
CENOURA ;EXTRA          ;KG  ;1,28;1,4;1,52;1;25/09/2018
CENOURA ;EXTRA A        ;KG  ;1,63;1,74;1,86;1;25/09/2018
CENOURA ;EXTRA AA       ;KG  ;1,95;2,05;2,15;1;25/09/2018
CHUCHU ;EXTRA          ;KG  ;0,81;0,92;1,05;1;25/09/2018
CHUCHU ;EXTRA A        ;KG  ;1,1;1,19;1,27;1;25/09/2018
CHUCHU ;EXTRA AA       ;KG  ;1,3;1,38;1,48;1;25/09/2018
ERVILHA TORTA;EXTRA          ;KG  ;4;5;6;1;25/09/2018
ERVILHA TORTA;EXTRA A        ;KG  ;6;7;8;1;25/09/2018
ERVILHA TORTA;EXTRA AA       ;KG  ;8;9;10;1;25/09/2018
GENGIBRE ;-;KG  ;1,68;1,95;2,23;1;25/09/2018
INHAME ;ESPECIAL       ;KG  ;1,64;1,78;1,89;1;25/09/2018
INHAME ;EXTRA          ;KG  ;2,03;2,15;2,26;1;25/09/2018
INHAME ;EXTRA A        ;KG  ;2,4;2,52;2,63;1;25/09/2018
JILO REDONDO;EXTRA          ;KG  ;1,89;2,12;2,39;1;25/09/2018
JILO REDONDO;EXTRA A        ;KG  ;2,51;2,74;2,97;1;25/09/2018
JILO REDONDO;EXTRA AA       ;KG  ;3,08;3,32;3,55;1;25/09/2018
MANDIOCA ;GRAUDA         ;KG  ;1,38;1,48;1,58;1;25/09/2018
MANDIOCA ;MEDIA          ;KG  ;1,1;1,2;1,3;1;25/09/2018
MANDIOCA ;MIUDA          ;KG  ;0,8;0,9;1;1;25/09/2018
MANDIOQUINHA ;EXTRA A        ;KG  ;2,99;3,29;3,58;1;25/09/2018
MANDIOQUINHA ;EXTRA AA       ;KG  ;3,72;4,01;4,29;1;25/09/2018
MANDIOQUINHA ;EXTRA AAA      ;KG  ;4,43;4,78;5,09;1;25/09/2018
MAXIXE ;-;KG  ;3,61;3,96;4,33;1;25/09/2018
PEPINO CAIPIRA;EXTRA          ;KG  ;1,45;1,79;2,2;1;25/09/2018
PEPINO CAIPIRA;EXTRA A        ;KG  ;2,25;2,44;2,62;1;25/09/2018
PEPINO CAIPIRA;EXTRA AA       ;KG  ;2,72;2,91;3,09;1;25/09/2018
PEPINO COMUM;EXTRA          ;KG  ;1,19;1,4;1,57;1;25/09/2018
PEPINO COMUM;EXTRA A        ;KG  ;1,62;1,84;2;1;25/09/2018
PEPINO COMUM;EXTRA AA       ;KG  ;2,07;2,28;2,45;1;25/09/2018
PEPINO JAPONES;EXTRA          ;KG  ;1,59;1,79;1,97;1;25/09/2018
PEPINO JAPONES;EXTRA A        ;KG  ;2,07;2,25;2,43;1;25/09/2018
PEPINO JAPONES;EXTRA AA       ;KG  ;2,49;2,65;2,82;1;25/09/2018
PIMENTA * VERMELHA;EXTRA A        ;KG  ;3,68;4,39;5,1;1;25/09/2018
PIMENTA * VERMELHA;EXTRA AA       ;KG  ;5,1;5,92;6,74;1;25/09/2018
PIMENTA CAMBUCI;EXTRA A        ;KG  ;3,2;3,79;4,39;1;25/09/2018
PIMENTA CAMBUCI;EXTRA AA       ;KG  ;4,39;5,19;5,99;1;25/09/2018
PIMENTA VERDE AMERICANA;EXTRA          ;KG  ;2,31;2,5;2,96;1;25/09/2018
PIMENTA VERDE AMERICANA;EXTRA A        ;KG  ;3,02;3,25;3,79;1;25/09/2018
PIMENTA VERDE AMERICANA;EXTRA AA       ;KG  ;3,85;4,09;4,62;1;25/09/2018
PIMENTAO AMARELO;EXTRA AA       ;KG  ;1,69;2,32;2,94;1;25/09/2018
PIMENTAO VERDE;EXTRA          ;KG  ;1,52;1,72;1,88;1;25/09/2018
PIMENTAO VERDE;EXTRA A        ;KG  ;2,01;2,2;2,37;1;25/09/2018
PIMENTAO VERDE;EXTRA AA       ;KG  ;2,45;2,67;2,87;1;25/09/2018
PIMENTAO VERMELHO;EXTRA          ;KG  ;1,63;1,82;1,97;1;25/09/2018
PIMENTAO VERMELHO;EXTRA A        ;KG  ;1,94;2,14;2,32;1;25/09/2018
PIMENTAO VERMELHO;EXTRA AA       ;KG  ;2,4;2,66;2,92;1;25/09/2018
QUIABO LISO;EXTRA          ;KG  ;3,92;4,31;4,68;1;25/09/2018
QUIABO LISO;EXTRA A        ;KG  ;4,85;5,27;5,67;1;25/09/2018
QUIABO LISO;EXTRA AA       ;KG  ;5,84;6,14;6,47;1;25/09/2018
TOMATE ACHATADO;EXTRA A        ;KG  ;1,35;1,48;1,6;1;25/09/2018
TOMATE ACHATADO;EXTRA AA       ;KG  ;1,69;1,83;1,97;1;25/09/2018
TOMATE ACHATADO;EXTRA AAA      ;KG  ;2,11;2,25;2,37;1;25/09/2018
TOMATE CAQUI;EXTRA AA       ;KG  ;3,69;4,92;6,26;1;25/09/2018
TOMATE CEREJA;EXTRA AA       ;KG  ;4,67;5,85;7,11;1;25/09/2018
TOMATE HOLANDES;-;KG  ;5,21;6,16;7,13;1;25/09/2018
TOMATE ITALIANO;EXTRA A        ;KG  ;1,35;1,49;1,64;1;25/09/2018
TOMATE ITALIANO;EXTRA AA       ;KG  ;1,76;1,91;2,05;1;25/09/2018
TOMATE ITALIANO;EXTRA AAA      ;KG  ;2,14;2,29;2,43;1;25/09/2018
TOMATE OBLONGO;EXTRA A        ;KG  ;1,31;1,46;1,6;1;25/09/2018
TOMATE OBLONGO;EXTRA AA       ;KG  ;1,82;1,97;2,12;1;25/09/2018
TOMATE OBLONGO;EXTRA AAA      ;KG  ;2,33;2,47;2,61;1;25/09/2018
TOMATE SWEET GRAPE;EXTRA AA       ;KG  ;7;8;9;1;25/09/2018
VAGEM MACARRAO CURTA;EXTRA          ;KG  ;3,45;4,1;4,52;1;25/09/2018
VAGEM MACARRAO CURTA;EXTRA A        ;KG  ;4,7;5,09;5,47;1;25/09/2018
VAGEM MACARRAO CURTA;EXTRA AA       ;KG  ;5,61;5,96;6,36;1;25/09/2018
VAGEM MANTEIGA;EXTRA          ;KG  ;4,4;4,7;5;1;25/09/2018
VAGEM MANTEIGA;EXTRA A        ;KG  ;5,2;5,4;5,6;1;25/09/2018
VAGEM MANTEIGA;EXTRA AA       ;KG  ;5,8;6;6,15;1;25/09/2018
ACELGA ;ESPECIAL       ;ENG ;9,79;10,79;11,79;12;24/09/2018
ACELGA ;EXTRA          ;ENG ;12,79;13,79;14,79;12;24/09/2018
ACELGA ;PRIMEIRA       ;ENG ;7,71;8,71;9,71;12;24/09/2018
AGRIAO ;ESPECIAL       ;ENG ;15,94;17,03;18,12;12;24/09/2018
AGRIAO ;EXTRA          ;ENG ;18,39;19,56;20,64;12;24/09/2018
AGRIAO ;HIDROPONICO    ;ENG ;17,53;19,04;20,81;4;24/09/2018
AGRIAO ;PRIMEIRA       ;ENG ;12,05;13,14;14,23;12;24/09/2018
ALFACE AMERICANA;ESPECIAL       ;ENG ;12,3;13,3;14,3;10;24/09/2018
ALFACE AMERICANA;EXTRA          ;ENG ;14,03;15,03;16,03;10;24/09/2018
ALFACE AMERICANA;PRIMEIRA       ;ENG ;9,77;10,77;11,77;10;24/09/2018
ALFACE CRESPA;ESPECIAL       ;ENG ;9,34;10,34;11,34;7;24/09/2018
ALFACE CRESPA;EXTRA          ;ENG ;12,2;13,2;14,2;7;24/09/2018
ALFACE CRESPA;HIDROPONICA    ;ENG ;14,78;15,78;16,78;4;24/09/2018
ALFACE CRESPA;PRIMEIRA       ;ENG ;7,43;8,38;9,32;7;24/09/2018
ALFACE LISA;ESPECIAL       ;ENG ;10,82;11,82;12,82;8;24/09/2018
ALFACE LISA;EXTRA          ;ENG ;12,93;14,49;15,77;8;24/09/2018
ALFACE LISA;HIDROPONICA    ;ENG ;15,23;16,23;17,23;4;24/09/2018
ALFACE LISA;PRIMEIRA       ;ENG ;8,47;9,47;10,47;8;24/09/2018
ALFACE MIMOSA;HIDROPONICA    ;ENG ;15,23;16,23;17,23;4;24/09/2018
ALFACE ROMANA;-;ENG ;7,06;11,06;15;8;24/09/2018
ALHO PORRO ;ESPECIAL       ;DZMC;7,46;8,46;9,46;2;24/09/2018
ALHO PORRO ;EXTRA          ;DZMC;9,62;10,62;11,62;2;24/09/2018
ALHO PORRO ;PRIMEIRA       ;DZMC;5,26;6,26;7,26;2;24/09/2018
ALMEIRAO ;ESPECIAL       ;DZMC;10;11;12;6;24/09/2018
ALMEIRAO ;EXTRA          ;DZMC;13;14;15;6;24/09/2018
ALMEIRAO ;PRIMEIRA       ;DZMC;8;9;10;6;24/09/2018
ALMEIRAO PAO DE ACUCAR;ESPECIAL       ;DZMC;10,82;11,82;12,82;12;24/09/2018
ALMEIRAO PAO DE ACUCAR;EXTRA          ;DZMC;13,68;14,68;15,68;12;24/09/2018
ALMEIRAO PAO DE ACUCAR;PRIMEIRA       ;DZMC;8,47;9,47;10,47;12;24/09/2018
ASPARGO ;-;MC  ;10;11,13;12,39;0,5;24/09/2018
BETERRABA C/FOL ;ESPECIAL       ;ENG ;13,56;14,56;15,56;20;24/09/2018
BETERRABA C/FOL ;EXTRA          ;ENG ;15,95;17,65;19;20;24/09/2018
BETERRABA C/FOL ;PRIMEIRA       ;ENG ;10,16;11,16;12,16;20;24/09/2018
BROCOLOS ;ESPECIAL       ;DZMC;31,53;33,03;34,27;15;24/09/2018
BROCOLOS ;EXTRA          ;DZMC;35,54;37,84;39,49;15;24/09/2018
BROCOLOS NINJA;-;ENG ;13,86;15,88;17,66;8;24/09/2018
CATALONHA ;-;DZMC;9,29;11,22;13,05;6;24/09/2018
CEBOLINHA ;ESPECIAL       ;MC  ;5,42;6,28;7,13;1,2;24/09/2018
CEBOLINHA ;EXTRA          ;MC  ;8,82;9,8;10,77;1,35;24/09/2018
CENOURA C/FOLHA ;ESPECIAL       ;ENG ;18,93;19,93;20,93;20;24/09/2018
CENOURA C/FOLHA ;EXTRA          ;ENG ;21,4;22,4;23,4;20;24/09/2018
CENOURA C/FOLHA ;PRIMEIRA       ;ENG ;15,53;16,53;17,53;20;24/09/2018
CHICORIA ;-;DZMC;7,65;9,37;11,03;6;24/09/2018
COENTRO ;ESPECIAL       ;DZMC;18,43;19,56;20,62;6;24/09/2018
COENTRO ;EXTRA          ;DZMC;22,24;23,36;24,42;6;24/09/2018
COGUMELO PARIS;-;PCT ;3,62;4,62;5,62;0,25;24/09/2018
COGUMELO SHIMEJI;-;PCT ;4,95;5,63;6,32;0,2;24/09/2018
COGUMELO SHITAKE;-;PCT ;5,35;6,23;7,12;0,2;24/09/2018
COUVE ;ESPECIAL       ;DZMC;8,79;9,79;10,79;6;24/09/2018
COUVE ;EXTRA          ;DZMC;10,79;11,79;12,79;6;24/09/2018
COUVE ;PRIMEIRA       ;DZMC;6,8;7,74;8,69;6;24/09/2018
COUVE BRUXELAS;EXTRA          ;PCT ;3;3,5;4;0,25;24/09/2018
COUVE FLOR ;ESPECIAL       ;ENG ;14,01;15,01;16,01;8;24/09/2018
COUVE FLOR ;EXTRA          ;ENG ;16,82;17,82;18,82;8;24/09/2018
COUVE FLOR ;PRIMEIRA       ;ENG ;10;11;12;8;24/09/2018
ERVA DOCE ;ESPECIAL       ;DZMC;19,74;20,8;21,87;8;24/09/2018
ERVA DOCE ;EXTRA          ;DZMC;24,35;25,89;27,19;8;24/09/2018
ERVA DOCE ;PRIMEIRA       ;DZMC;15,13;16,66;17,97;8;24/09/2018
ESCAROLA ;ESPECIAL       ;ENG ;10,43;11,43;12,43;8;24/09/2018
ESCAROLA ;EXTRA          ;ENG ;13,08;14,31;15,42;8;24/09/2018
ESCAROLA ;HIDROPONICA    ;ENG ;16;17;19,04;4;24/09/2018
ESCAROLA ;PRIMEIRA       ;ENG ;8,39;9,39;10,39;8;24/09/2018
ESPINAFRE ;ESPECIAL       ;DZMC;9,82;10,82;11,82;6;24/09/2018
ESPINAFRE ;EXTRA          ;DZMC;12,48;13,48;14,48;6;24/09/2018
ESPINAFRE ;PRIMEIRA       ;DZMC;7,91;8,87;9,82;6;24/09/2018
GOBO ;EXTRA          ;MC  ;7,73;8,73;9,73;1;24/09/2018
HORTELA ;-;MC  ;2,31;2,83;3,29;0,15;24/09/2018
LOURO ;-;MC  ;2,5;2,8;3;0,2;24/09/2018
MANJERICÇO ;-;M  ;1,5;1,8;2;0,15;24/09/2018
MILHO VERDE ;-;BD  ;2,56;2,74;2,9;0,7;24/09/2018
MILHO VERDE ;ESPECIAL       ;KG  ;1,29;1,36;1,43;1;24/09/2018
MILHO VERDE ;EXTRA          ;KG  ;1,47;1,55;1,63;1;24/09/2018
MOIASHI ;-;PCT ;3,99;4,49;4,99;0,5;24/09/2018
MOSTARDA ;-;DZMC;12;15;18;6;24/09/2018
NABO ;ESPECIAL       ;MC  ;4,42;5,08;5,69;3;24/09/2018
NABO ;EXTRA          ;MC  ;5,82;6,62;7,41;3;24/09/2018
NABO ;PRIMEIRA       ;MC  ;3,33;3,83;4,3;3;24/09/2018
OREGANO ;-;MC  ;2,41;3,36;4,3;0,15;24/09/2018
PALMITO PUPUNHA;-;PC  ;9,14;10,14;11,14;2,5;24/09/2018
RABANETE ;ESPECIAL       ;DZMC;20,4;21,92;23,38;10;24/09/2018
RABANETE ;EXTRA          ;DZMC;23,74;25,21;26,73;10;24/09/2018
RABANETE ;PRIMEIRA       ;DZMC;16,16;17,62;19,14;10;24/09/2018
REPOLHO LISO;EXTRA          ;ENG ;14,7;16,98;18,63;25;24/09/2018
REPOLHO ROXO;EXTRA          ;ENG ;17,65;18,65;19,65;25;24/09/2018
RUCULA ;-;DZMC;15,58;17,42;18,84;6;24/09/2018
RUCULA ;HIDROPONICA    ;ENG ;17,22;18,22;19,22;5;24/09/2018
SALSA ;-;MC  ;7,25;8,49;9,73;2,5;24/09/2018
SALSAO BRANCO/VERDE;ESPECIAL       ;DZMC;18,54;19,69;20,98;10;24/09/2018
SALSAO BRANCO/VERDE;EXTRA          ;DZMC;21,45;22,75;23,9;10;24/09/2018
SALSAO BRANCO/VERDE;PRIMEIRA       ;DZMC;15,09;16,39;17,53;10;24/09/2018
ALHO ;TIPO 5         ;KG  ;9,32;9,94;10,56;1;21/09/2018
ALHO ;TIPO 6         ;KG  ;10,57;11,43;12,29;1;21/09/2018
ALHO ;TIPO 7         ;KG  ;12,29;13,2;14,11;1;21/09/2018
ALHO ESTRANG. CHINES;TIPO 6/7       ;KG  ;10;10,5;11;1;21/09/2018
AMENDOIM COM CASCA;-;SC  ;92,7;95,42;97,28;25;21/09/2018
AMENDOIM S/CASCA;-;SC  ;134,49;139,42;144,37;25;21/09/2018
BATATA ASTERIX;ESPECIAL       ;KG  ;1,84;1,94;2,04;1;21/09/2018
BATATA ESCOVADA;ESPECIAL       ;KG  ;1,47;1,57;1,67;1;21/09/2018
BATATA ESCOVADA;NOIVA          ;KG  ;1,75;1,85;1,95;1;21/09/2018
BATATA LAVADA;BONECA         ;KG  ;0,56;0,66;0,76;1;21/09/2018
BATATA LAVADA;ESPECIAL       ;KG  ;1,07;1,17;1,27;1;21/09/2018
BATATA LAVADA;FLORÇO         ;KG  ;0,92;1,02;1,12;1;21/09/2018
BATATA LAVADA;NOIVA          ;KG  ;1,29;1,39;1,49;1;21/09/2018
BATATA LAVADA;1a.ESPECIALZINH;KG  ;0,57;0,67;0,77;1;21/09/2018
BATATA LAVADA;2a.BOLINHA     ;KG  ;1,38;1,48;1,58;1;21/09/2018
CANJICA ;-;KG  ;2,8;2,9;3;1;21/09/2018
CEBOLA NACIONAL;GRAUDA         ;KG  ;1,03;1,1;1,15;1;21/09/2018
CEBOLA NACIONAL;MEDIA          ;KG  ;1,01;1,07;1,12;1;21/09/2018
CEBOLA NACIONAL;MIUDA          ;KG  ;0,83;0,92;1,01;1;21/09/2018
CEBOLA ROXA;GRAUDA         ;KG  ;1,94;2,04;2,12;1;21/09/2018
CEBOLA ROXA;MEDIA          ;KG  ;1,94;2,04;2,12;1;21/09/2018
CEBOLA ROXA;MIUDA          ;KG  ;1,52;1,62;1,72;1;21/09/2018
COCO SECO ;-;SC  ;47,09;48,55;50;20;21/09/2018
M.PIPOCA ESTRAN ;-;SC  ;58,71;59,71;60,71;22,6;21/09/2018
OVOS BRANCO;EXTRA          ;CX  ;86,69;87,69;88,69;23;21/09/2018
OVOS BRANCO;EXTRA EMBALADO ;BD  ;10,12;10,29;10,5;2;21/09/2018
OVOS BRANCO;GRANDE         ;CX  ;84,94;85,94;86,94;20;21/09/2018
OVOS BRANCO;GRANDE EMBALADO;BD  ;9,93;10,03;10,13;1,8;21/09/2018
OVOS BRANCO;MEDIO          ;CX  ;82,22;83,22;84,22;18;21/09/2018
OVOS BRANCO;PEQUENO        ;CX  ;77,31;78,31;79,31;17;21/09/2018
OVOS CODORNA;-;BD  ;2,8;2,9;3;0,3;21/09/2018
OVOS VERMELHO;EXTRA          ;CX  ;96,99;97,99;98,99;23;21/09/2018
ABROTEA ;GRANDE         ;KG  ;6;6,5;7;1;20/09/2018
ABROTEA ;MEDIA          ;KG  ;3;3,5;4;1;20/09/2018
ABROTEA ;PEQUENA        ;KG  ;2;2,5;3;1;20/09/2018
ATUM ;GRANDE         ;KG  ;18;19;20;1;20/09/2018
ATUM ;MEDIO          ;KG  ;13;14;15;1;20/09/2018
ATUM ;PEQUENO        ;KG  ;8;9;10;1;20/09/2018
BETARRA ;-;KG  ;2;2,5;3;1;20/09/2018
BONITO ;-;KG  ;2;2,5;3;1;20/09/2018
CACAO CONGELADA;GRANDE         ;KG  ;8;10;12;1;20/09/2018
CAMARAO BRANCO;GRANDE         ;KG  ;40;42;45;1;20/09/2018
CAMARAO FERRO;GRANDE         ;KG  ;32;34;36;1;20/09/2018
CAMARAO FERRO;MEDIO          ;KG  ;25;28;30;1;20/09/2018
CAMARAO FERRO;PEQUENO        ;KG  ;20;22;24;1;20/09/2018
CAMARAO ROSA;GRANDE         ;KG  ;55;60;65;1;20/09/2018
CAMARAO ROSA;MEDIO          ;KG  ;45;48;50;1;20/09/2018
CAMARAO ROSA;PEQUENO        ;KG  ;35;38;40;1;20/09/2018
CAMARAO 7 BARBAS;MEDIO          ;KG  ;8;9;10;1;20/09/2018
CASCOTE ;-;KG  ;2;2,2;2,5;1;20/09/2018
CASCUDO ;-;KG  ;2;2,2;2,5;1;20/09/2018
CASTANHA ;-;KG  ;1;1,2;1,5;1;20/09/2018
CORVINA ;GRANDE         ;KG  ;6;6,5;7;1;20/09/2018
CORVINA ;MEDIA          ;KG  ;3;3,5;4;1;20/09/2018
CORVINA ;PEQUENA        ;KG  ;2;2,5;3;1;20/09/2018
CURIMBATA ;GRANDE         ;KG  ;6;6,5;7;1;20/09/2018
CURIMBATA ;MEDIO          ;KG  ;3;3,5;4;1;20/09/2018
CURIMBATA ;PEQUENO        ;KG  ;2;2,5;3;1;20/09/2018
DOURADA ;GRANDE         ;KG  ;20;22;25;1;20/09/2018
ESPADA ;GRANDE         ;KG  ;6;6,5;7;1;20/09/2018
ESPADA ;MEDIO          ;KG  ;3;3,5;4;1;20/09/2018
ESPADA ;PEQUENO        ;KG  ;2;2,5;3;1;20/09/2018
GALO ;GRANDE         ;KG  ;3;3,5;4;1;20/09/2018
GAROUPA ;-;KG  ;20;25;30;1;20/09/2018
GUAIVIRA ;-;KG  ;1;1,2;1,5;1;20/09/2018
LINGUADO ;GRANDE         ;KG  ;23;24;25;1;20/09/2018
LINGUADO ;MEDIO          ;KG  ;10;11;12;1;20/09/2018
LINGUADO ;PEQUENO        ;KG  ;5;6;7;1;20/09/2018
LULA FRESCA;PRIMEIRA       ;KG  ;40;45;50;1;20/09/2018
MANJUBA ;-;KG  ;10;11;12;1;20/09/2018
MEXILHAO ;LIMPO          ;KG  ;20;22;25;1;20/09/2018
MISTURA ;-;KG  ;1;1,2;1,5;1;20/09/2018
NAMORADO ;GRANDE         ;KG  ;23;24;25;1;20/09/2018
NAMORADO ;MEDIO          ;KG  ;16;17;18;1;20/09/2018
NAMORADO ;PEQUENO        ;KG  ;10;11;12;1;20/09/2018
OLHETE ;-;KG  ;8;9;10;1;20/09/2018
PARGO ;GRANDE         ;KG  ;13;14;15;1;20/09/2018
PARGO ;MEDIO          ;KG  ;6;7;8;1;20/09/2018
PARGO ;PEQUENO        ;KG  ;3;3,5;4;1;20/09/2018
PESCADA ;GRANDE         ;KG  ;8;8,5;9;1;20/09/2018
PESCADA ;MEDIA          ;KG  ;6;6,5;7;1;20/09/2018
PESCADA ;PEQUENA        ;KG  ;4;4,5;5;1;20/09/2018
PESCADA AMARELA;-;KG  ;20;22;25;1;20/09/2018
PESCADA CUMBUCU;GRANDE         ;KG  ;13;14;15;1;20/09/2018
PESCADA GOETE;GRANDE         ;KG  ;3,5;3,8;4;1;20/09/2018
PESCADA GOETE;MEDIA          ;KG  ;2,5;2,8;3;1;20/09/2018
PESCADA GOETE;PEQUENA        ;KG  ;2;2,2;2,5;1;20/09/2018
PESCADA MARIA MOLE;GRANDE         ;KG  ;5;5,5;6;1;20/09/2018
PESCADA MARIA MOLE;MEDIA          ;KG  ;3;3,5;4;1;20/09/2018
PESCADA MARIA MOLE;PEQUENA        ;KG  ;2;2,5;3;1;20/09/2018
PESCADA TORTINHA;-;KG  ;2;2,5;3;1;20/09/2018
PINTADO CATIVEIRO;-;KG  ;11;12;13;1;20/09/2018
POLVO ;GRANDE         ;KG  ;35;38;40;1;20/09/2018
POLVO ;MEDIO          ;KG  ;20;22;25;1;20/09/2018
POLVO ;PEQUENO        ;KG  ;10;12;15;1;20/09/2018
PORCO ;MEDIO          ;KG  ;2,5;2,8;3;1;20/09/2018
ROBALO ;-;KG  ;38;40;42;1;20/09/2018
SALMAO ;GRANDE         ;KG  ;30;32;35;1;20/09/2018
SARDINHA FRESCA;GRANDE         ;KG  ;5;6;7;1;20/09/2018
SOROROCA ;-;KG  ;6;7;8;1;20/09/2018
TAINHA ;GRANDE         ;KG  ;8;9;10;1;20/09/2018
TAINHA ;MEDIA          ;KG  ;6;7;8;1;20/09/2018
TAINHA ;PEQUENA        ;KG  ;3;4;5;1;20/09/2018
TILAPIA CATIVEIRO;-;KG  ;4,5;4,8;5;1;20/09/2018
TRAIRA ;GRANDE         ;KG  ;10;11;12;1;20/09/2018
TRAIRA ;MEDIO          ;KG  ;8;9;10;1;20/09/2018
TRUTA CATIVEIRO;-;KG  ;18;19;20;1;20/09/2018
ABACATE AVOCADO;A              ;KG  ;10;11;12;1;19/09/2018
ABACATE BREDA;A BOCA 8 a 10  ;KG  ;3,99;4,16;4,32;1;19/09/2018
ABACATE BREDA;B BOCA 11 e 12 ;KG  ;3,48;3,64;3,8;1;19/09/2018
ABACATE MARGARIDA;A BOCA 8 a 10  ;KG  ;2,8;2,9;3;1;19/09/2018
ABACATE MARGARIDA;B BOCA 11 e 12 ;KG  ;2,48;2,58;2,68;1;19/09/2018
ABACAXI HAVAI;A GRAUDO       ;UND ;4,14;4,34;4,53;2,2;19/09/2018
ABACAXI HAVAI;B MEDIO        ;UND ;3,34;3,72;4,01;1,8;19/09/2018
ABACAXI HAVAI;C MIUDO        ;UND ;2,45;2,84;3,22;1,4;19/09/2018
ABACAXI PEROLA;A GRAUDO       ;UND ;3,95;4,22;4,41;1,8;19/09/2018
ABACAXI PEROLA;B MEDIO        ;UND ;3,29;3,65;3,92;1,4;19/09/2018
ABACAXI PEROLA;C MIUDO        ;UND ;2,16;2,59;3,02;1;19/09/2018
ACEROLA FRESCA;-;KG  ;13,43;14,43;15,43;1;19/09/2018
AMEIXA ESTRANG. ESPANHOLA;-;KG  ;8,29;9,07;9,84;1;19/09/2018
ATEMOIA ;12 FRUTOS      ;KG  ;8,75;9,75;10,75;1;19/09/2018
ATEMOIA ;15 FRUTOS      ;KG  ;7,18;7,97;8,75;1;19/09/2018
ATEMOIA ;8/10 FRUTOS    ;KG  ;10,75;11,75;12,75;1;19/09/2018
BANANA MACA;-;KG  ;3,86;4,3;4,63;1;19/09/2018
BANANA NANICA CLIMAT.;-;KG  ;1,75;1,91;2,05;1;19/09/2018
BANANA OURO;-;KG  ;4,15;4,64;4,93;1;19/09/2018
BANANA PRATA MG;-;KG  ;1,87;2,07;2,22;1;19/09/2018
BANANA PRATA SP;-;KG  ;1,74;1,9;2,06;1;19/09/2018
BANANA TERRA;-;KG  ;2,38;2,64;2,91;1;19/09/2018
CAJU ;A              ;KG  ;14;15;16;1;19/09/2018
CAJU ;B              ;KG  ;11,25;12,25;13,25;1;19/09/2018
CARAMBOLA ;-;KG  ;6,41;7,26;8,11;1;19/09/2018
CEREJA ESTRANG. AMERICANA;-;KG  ;57,97;58,98;59,99;1;19/09/2018
COCO VERDE ;-;UND ;1,36;1,43;1,5;2,5;19/09/2018
FIGO ;A              ;KG  ;23,99;24,99;25,99;1;19/09/2018
FIGO ;B              ;KG  ;20,29;21,29;22,29;1;19/09/2018
FRUTA DO CONDE ;12 FRUTOS      ;KG  ;7,85;8,85;9,85;1;19/09/2018
FRUTA DO CONDE ;15 FRUTOS      ;KG  ;5,85;6,85;7,85;1;19/09/2018
FRUTA DO CONDE ;18 FRUTOS      ;KG  ;4,85;5,33;5,85;1;19/09/2018
FRUTA DO CONDE ;9/10 FRUTOS    ;KG  ;9,85;10,85;11,85;1;19/09/2018
GOIABA BRANCA;12 FRUTOS      ;KG  ;3,99;4,4;4,81;1;19/09/2018
GOIABA BRANCA;15 FRUTOS      ;KG  ;3,99;4,4;4,81;1;19/09/2018
GOIABA BRANCA;18 FRUTOS      ;KG  ;3,11;3,49;3,88;1;19/09/2018
GOIABA BRANCA;9 FRUTOS       ;KG  ;3,99;4,4;4,81;1;19/09/2018
GOIABA VERMELHA;12 FRUTOS      ;KG  ;4,29;4,68;5,06;1;19/09/2018
GOIABA VERMELHA;15 FRUTOS      ;KG  ;4,29;4,68;5,06;1;19/09/2018
GOIABA VERMELHA;18 FRUTOS      ;KG  ;3,38;3,74;4,09;1;19/09/2018
GOIABA VERMELHA;9 FRUTOS       ;KG  ;4,29;4,68;5,06;1;19/09/2018
GRAVIOLA ;-;KG  ;5,46;5,95;6,43;1;19/09/2018
JABUTICABA ;-;KG  ;16,32;17,35;18,4;1;19/09/2018
JACA ;-;KG  ;2;2,2;2,5;1;19/09/2018
KIWI ESTRANG. CHILENO;-;KG  ;7,36;7,88;8,37;1;19/09/2018
KIWI ESTRANG. NOVA ZELANDIA;-;KG  ;12,08;14,04;16;1;19/09/2018
LARANJA BAIA;A (7/10 DZ)    ;KG  ;2,34;2,45;2,56;1;19/09/2018
LARANJA BAIA;B (11/13 DZ)   ;KG  ;2,14;2,24;2,34;1;19/09/2018
LARANJA BAIA;C (14/15 DZ)   ;KG  ;1,83;1,96;2,08;1;19/09/2018
LARANJA LIMA;A (9/12 DZ)    ;KG  ;2,03;2,13;2,2;1;19/09/2018
LARANJA LIMA;B (13/15 DZ)   ;KG  ;1,8;1,9;2;1;19/09/2018
LARANJA LIMA;C (16/21 DZ)   ;KG  ;1,57;1,67;1,77;1;19/09/2018
LARANJA PERA;A (9/12 DZ)    ;KG  ;1,66;1,75;1,82;1;19/09/2018
LARANJA PERA;B (13/15 DZ)   ;KG  ;1,51;1,59;1,66;1;19/09/2018
LARANJA PERA;C (16/21 DZ)   ;KG  ;1,34;1,42;1,51;1;19/09/2018
LARANJA SELETA;A (8/10 DZ)    ;KG  ;1,47;1,57;1,64;1;19/09/2018
LARANJA SELETA;B (11/13 DZ)   ;KG  ;1,3;1,37;1,44;1;19/09/2018
LARANJA SELETA;C (18/21 DZ)   ;KG  ;1,15;1,22;1,3;1;19/09/2018
LIMA PERSIA;A (9/10 DZ)    ;KG  ;2,79;2,92;3,04;1;19/09/2018
LIMA PERSIA;B (13/15 DZ)   ;KG  ;2,37;2,58;2,78;1;19/09/2018
LIMA PERSIA;C (18/24 DZ)   ;KG  ;1,95;2,15;2,36;1;19/09/2018
LIMAO TAITI;A (15/18 DZ)   ;KG  ;5,6;5,88;6,19;1;19/09/2018
LIMAO TAITI;B (21/27 DZ)   ;KG  ;5,07;5,36;5,6;1;19/09/2018
LIMAO TAITI;C (+ de 31 DZ) ;KG  ;4,2;4,64;5;1;19/09/2018
MACA ESTRANG. GRANNY SMITH;80-162 FRUTOS  ;KG  ;4,86;5,24;5,62;1;19/09/2018
MACA ESTRANG. RED DEL;80-163 FRUTOS  ;KG  ;5,47;6,24;6,93;1;19/09/2018
MACA NACIONAL FUJI;110-135 FRUTOS ;KG  ;5,05;5,3;5,52;1;19/09/2018
MACA NACIONAL FUJI;150-180 FRUTOS ;KG  ;4,33;4,58;4,81;1;19/09/2018
MACA NACIONAL FUJI;80-100 FRUTOS  ;KG  ;5,56;5,78;6,02;1;19/09/2018
MACA NACIONAL GALA;110-135 FRUTOS ;KG  ;4,97;5,24;5,47;1;19/09/2018
MACA NACIONAL GALA;150-180 FRUTOS ;KG  ;4,31;4,6;4,86;1;19/09/2018
MACA NACIONAL GALA;80-100 FRUTOS  ;KG  ;5,48;5,71;5,96;1;19/09/2018
MAMAO FORMOSA;A              ;KG  ;2,78;2,93;3,08;1;19/09/2018
MAMAO FORMOSA;B              ;KG  ;2,35;2,5;2,68;1;19/09/2018
MAMAO HAVAI;12 FRUTOS      ;KG  ;2,09;2,24;2,37;1;19/09/2018
MAMAO HAVAI;15 FRUTOS      ;KG  ;2,14;2,28;2,41;1;19/09/2018
MAMAO HAVAI;18 FRUTOS      ;KG  ;2,11;2,25;2,39;1;19/09/2018
MAMAO HAVAI;21 FRUTOS      ;KG  ;1,78;1,92;2,07;1;19/09/2018
MAMAO HAVAI;24/28 FRUTOS   ;KG  ;1,51;1,66;1,81;1;19/09/2018
MANGA HADEM;12 FRUTOS      ;KG  ;4,79;5,29;5,79;1;19/09/2018
MANGA HADEM;15 FRUTOS      ;KG  ;3,79;4,29;4,79;1;19/09/2018
MANGA HADEM;18 FRUTOS      ;KG  ;3,29;3,57;3,79;1;19/09/2018
MANGA HADEM;9 FRUTOS       ;KG  ;4,79;5,29;5,79;1;19/09/2018
MANGA PALMER;12 FRUTOS      ;KG  ;3;3,21;3,41;1;19/09/2018
MANGA PALMER;15 FRUTOS      ;KG  ;2,48;2,68;2,89;1;19/09/2018
MANGA PALMER;18 FRUTOS      ;KG  ;1,96;2,16;2,37;1;19/09/2018
MANGA PALMER;9 FRUTOS       ;KG  ;3,02;3,22;3,43;1;19/09/2018
MANGA TOMMY ATKINS;12 FRUTOS      ;KG  ;2,85;2,95;3,05;1;19/09/2018
MANGA TOMMY ATKINS;15 FRUTOS      ;KG  ;2,5;2,6;2,7;1;19/09/2018
MANGA TOMMY ATKINS;18 FRUTOS      ;KG  ;2,15;2,25;2,35;1;19/09/2018
MARACUJA AZEDO;A              ;KG  ;4,02;4,12;4,22;1;19/09/2018
MARACUJA AZEDO;B              ;KG  ;3,62;3,73;3,83;1;19/09/2018
MARACUJA AZEDO;C              ;KG  ;3,16;3,3;3,43;1;19/09/2018
MARACUJA DOCE;10 FRUTOS      ;KG  ;6,66;7,25;7,84;1;19/09/2018
MARACUJA DOCE;12 FRUTOS      ;KG  ;4,93;5,52;6,11;1;19/09/2018
MARACUJA DOCE;15 FRUTOS      ;KG  ;3,55;3,98;4,42;1;19/09/2018
MARACUJA DOCE;8 FRUTOS       ;KG  ;6,66;7,25;7,84;1;19/09/2018
MELANCIA REDON/COMPRIDA;GRAUDA maior 10;KG  ;1,69;1,71;1,8;1;19/09/2018
MELANCIA REDON/COMPRIDA;MEDIA De 7 a 10;KG  ;1,55;1,64;1,69;1;19/09/2018
MELANCIA REDON/COMPRIDA;MIUDA menor 7 k;KG  ;1,34;1,4;1,46;1;19/09/2018
MELAO AMARELO;10/11 FRUTOS   ;KG  ;2,35;2,46;2,57;1;19/09/2018
MELAO AMARELO;12/14 FRUTOS   ;KG  ;1,96;2,07;2,18;1;19/09/2018
MELAO AMARELO;6/7 FRUTOS     ;KG  ;2,66;2,77;2,88;1;19/09/2018
MELAO AMARELO;8/9 FRUTOS     ;KG  ;2,66;2,77;2,88;1;19/09/2018
MEXERICA RIO;A              ;KG  ;4,4;4,56;4,72;1;19/09/2018
MEXERICA RIO;B              ;KG  ;3,87;4,04;4,22;1;19/09/2018
MEXERICA RIO;C              ;KG  ;3,33;3,54;3,7;1;19/09/2018
MORANGO CAMINHO REAL;-;KG  ;11,34;12,34;13,34;1;19/09/2018
MORANGO COMUM;-;KG  ;8,44;9,44;10,44;1;19/09/2018
NECTARINA ESTRA ESPANHOLA;-;KG  ;8,11;9,05;10,12;1;19/09/2018
NESPERA ;(4 CUMBUCA )   ;KG  ;18,35;19,46;20,58;1;19/09/2018
PERA ESTRANG. DANJOU;-;KG  ;4,82;5,21;5,63;1;19/09/2018
PERA ESTRANG. PACK-S TRIUMPH;-;KG  ;4,77;5,11;5,47;1;19/09/2018
PERA ESTRANG. ROCHA;-;KG  ;7,78;8,28;8,78;1;19/09/2018
PERA ESTRANG. WILLIAM-S;-;KG  ;5,12;5,6;6,08;1;19/09/2018
PESSEGO ESTRANG ESPANHOL;-;KG  ;7,06;7,67;8,31;1;19/09/2018
QUINCAM ;-;KG  ;18;19;20;1;19/09/2018
ROMA ;-;KG  ;16,63;17,63;18,63;1;19/09/2018
TANGERINA MURCOT;A (8/10 DZ)    ;KG  ;2,39;2,56;2,7;1;19/09/2018
TANGERINA MURCOT;B (11/12 DZ)   ;KG  ;2;2,19;2,37;1;19/09/2018
TANGERINA MURCOT;C (13/15 DZ)   ;KG  ;1,56;1,76;1,93;1;19/09/2018
UVA BENITAKA;-;KG  ;4,87;5,58;6,3;1;19/09/2018
UVA BRASIL;ESPECIAL       ;KG  ;4,06;4,56;5,06;1;19/09/2018
UVA BRASIL;EXTRA          ;KG  ;5,06;5,56;6,06;1;19/09/2018
UVA BRASIL;EXTRA A        ;KG  ;6,06;6,56;7,06;1;19/09/2018
UVA CRINSSON;-;KG  ;7,17;8,16;9,15;1;19/09/2018
UVA ESTRANG. RED GLOBE;-;KG  ;9;9,5;10;1;19/09/2018
UVA ITALIA;ESPECIAL       ;KG  ;3,83;4,33;4,83;1;19/09/2018
UVA ITALIA;EXTRA          ;KG  ;4,83;5,33;5,83;1;19/09/2018
UVA ITALIA;EXTRA A        ;KG  ;5,83;6,33;6,83;1;19/09/2018
UVA NIAGARA;ESPECIAL       ;KG  ;4,16;4,66;5,16;1;19/09/2018
UVA NIAGARA;EXTRA          ;KG  ;5,16;5,67;6,17;1;19/09/2018
UVA NIAGARA;EXTRA A        ;KG  ;6,17;6,67;7,17;1;19/09/2018
UVA RED GLOBE;-;KG  ;6,02;6,96;7,93;1;19/09/2018
UVA RUBI;ESPECIAL       ;KG  ;3,52;4,02;4,52;1;19/09/2018
UVA RUBI;EXTRA          ;KG  ;4,52;5,02;5,52;1;19/09/2018
UVA RUBI;EXTRA A        ;KG  ;5,52;6,02;6,52;1;19/09/2018
UVA THOMPSON;-;KG  ;7,46;8,46;9,46;1;19/09/2018
UVA VITORIA;-;KG  ;6,81;7,52;8,23;1;19/09/2018
ABOBORA JAPONESA;-;KG  ;1,36;1,55;1,82;1;18/09/2018
ABOBORA MORANGA;-;KG  ;1,12;1,34;1,6;1;18/09/2018
ABOBORA PAULISTA;-;KG  ;2,44;2,62;2,86;1;18/09/2018
ABOBORA SECA;-;KG  ;1,58;1,92;2,21;1;18/09/2018
ABOBRINHA BRASILEIRA;EXTRA          ;KG  ;1,5;1,65;1,8;1;18/09/2018
ABOBRINHA BRASILEIRA;EXTRA A        ;KG  ;1,91;2,03;2,15;1;18/09/2018
ABOBRINHA BRASILEIRA;EXTRA AA       ;KG  ;2,27;2,4;2,53;1;18/09/2018
ABOBRINHA ITALIANA;EXTRA          ;KG  ;1,61;1,73;1,85;1;18/09/2018
ABOBRINHA ITALIANA;EXTRA A        ;KG  ;1,99;2,12;2,24;1;18/09/2018
ABOBRINHA ITALIANA;EXTRA AA       ;KG  ;2,36;2,46;2,57;1;18/09/2018
ALCACHOFRA ;GRAUDA         ;CB  ;9,16;9,55;9,94;0,25;18/09/2018
ALCACHOFRA ;MEDIA          ;CB  ;8,24;8,65;8,96;0,2;18/09/2018
ALCACHOFRA ;MIUDA          ;CB  ;6;6,49;6,97;0,1;18/09/2018
BATATA DOCE AMARELA;EXTRA          ;KG  ;2,2;2,36;2,51;1;18/09/2018
BATATA DOCE AMARELA;EXTRA A        ;KG  ;2,8;2,96;3,11;1;18/09/2018
BATATA DOCE AMARELA;EXTRA AA       ;KG  ;3,3;3,46;3,61;1;18/09/2018
BATATA DOCE ROSADA;EXTRA          ;KG  ;1,59;1,73;1,88;1;18/09/2018
BATATA DOCE ROSADA;EXTRA A        ;KG  ;2,09;2,24;2,39;1;18/09/2018
BATATA DOCE ROSADA;EXTRA AA       ;KG  ;2,62;2,76;2,9;1;18/09/2018
BERINJELA ;EXTRA          ;KG  ;1,81;1,97;2,12;1;18/09/2018
BERINJELA ;EXTRA A        ;KG  ;2,23;2,37;2,52;1;18/09/2018
BERINJELA ;EXTRA AA       ;KG  ;2,64;2,8;2,94;1;18/09/2018
BERINJELA CONSERVA;ESPECIAL       ;KG  ;4;4,5;5;1;18/09/2018
BERINJELA CONSERVA;EXTRA          ;KG  ;5;5,5;6;1;18/09/2018
BERINJELA CONSERVA;PRIMEIRA       ;KG  ;3;3,5;4;1;18/09/2018
BERINJELA JAPONESA;ESPECIAL       ;KG  ;2,46;2,96;3,46;1;18/09/2018
BERINJELA JAPONESA;EXTRA          ;KG  ;3,46;3,96;4,46;1;18/09/2018
BERINJELA JAPONESA;PRIMEIRA       ;KG  ;1,96;2,26;2,46;1;18/09/2018
BETERRABA ;EXTRA          ;KG  ;1,23;1,33;1,44;1;18/09/2018
BETERRABA ;EXTRA A        ;KG  ;1,46;1,56;1,67;1;18/09/2018
BETERRABA ;EXTRA AA       ;KG  ;1,67;1,77;1,88;1;18/09/2018
CARA ;EXTRA          ;KG  ;1,54;1,71;1,87;1;18/09/2018
CARA ;EXTRA A        ;KG  ;2,03;2,17;2,32;1;18/09/2018
CENOURA ;EXTRA          ;KG  ;1,41;1,51;1,61;1;18/09/2018
CENOURA ;EXTRA A        ;KG  ;1,83;1,93;2,03;1;18/09/2018
CENOURA ;EXTRA AA       ;KG  ;2,14;2,25;2,36;1;18/09/2018
CHUCHU ;EXTRA          ;KG  ;1,24;1,39;1,52;1;18/09/2018
CHUCHU ;EXTRA A        ;KG  ;1,6;1,74;1,88;1;18/09/2018
CHUCHU ;EXTRA AA       ;KG  ;1,93;2,04;2,16;1;18/09/2018
ERVILHA TORTA;EXTRA          ;KG  ;3,04;3,54;4,04;1;18/09/2018
ERVILHA TORTA;EXTRA A        ;KG  ;4,08;4,6;5,12;1;18/09/2018
ERVILHA TORTA;EXTRA AA       ;KG  ;5,12;5,64;6,16;1;18/09/2018
FEIJAO CORADO ;ESPECIAL       ;KG  ;5;6;7;1;18/09/2018
FEIJAO CORADO ;EXTRA          ;KG  ;8;9;10;1;18/09/2018
GENGIBRE ;-;KG  ;1,84;2,13;2,42;1;18/09/2018
INHAME ;ESPECIAL       ;KG  ;1,38;1,51;1,64;1;18/09/2018
INHAME ;EXTRA          ;KG  ;1,75;1,88;2,02;1;18/09/2018
INHAME ;EXTRA A        ;KG  ;2,18;2,3;2,43;1;18/09/2018
JILO REDONDO;EXTRA          ;KG  ;2,49;2,8;3,14;1;18/09/2018
JILO REDONDO;EXTRA A        ;KG  ;3,27;3,57;3,88;1;18/09/2018
JILO REDONDO;EXTRA AA       ;KG  ;3,98;4,28;4,59;1;18/09/2018
MANDIOCA ;GRAUDA         ;KG  ;1,38;1,48;1,58;1;18/09/2018
MANDIOCA ;MEDIA          ;KG  ;1,18;1,28;1,38;1;18/09/2018
MANDIOCA ;MIUDA          ;KG  ;0,96;1,06;1,16;1;18/09/2018
MANDIOQUINHA ;EXTRA A        ;KG  ;2,54;2,79;3,03;1;18/09/2018
MANDIOQUINHA ;EXTRA AA       ;KG  ;3,31;3,59;3,83;1;18/09/2018
MANDIOQUINHA ;EXTRA AAA      ;KG  ;4,07;4,36;4,65;1;18/09/2018
MAXIXE ;-;KG  ;3,6;3,94;4,28;1;18/09/2018
PEPINO CAIPIRA;EXTRA          ;KG  ;1,68;1,85;2,01;1;18/09/2018
PEPINO CAIPIRA;EXTRA A        ;KG  ;2,23;2,35;2,48;1;18/09/2018
PEPINO CAIPIRA;EXTRA AA       ;KG  ;2,68;2,79;2,91;1;18/09/2018
PEPINO COMUM;EXTRA          ;KG  ;1,56;1,71;1,86;1;18/09/2018
PEPINO COMUM;EXTRA A        ;KG  ;2,01;2,15;2,3;1;18/09/2018
PEPINO COMUM;EXTRA AA       ;KG  ;2,44;2,57;2,69;1;18/09/2018
PEPINO JAPONES;EXTRA          ;KG  ;1,73;1,93;2,11;1;18/09/2018
PEPINO JAPONES;EXTRA A        ;KG  ;2,26;2,44;2,62;1;18/09/2018
PEPINO JAPONES;EXTRA AA       ;KG  ;2,74;2,93;3,11;1;18/09/2018
PIMENTA * VERMELHA;EXTRA A        ;KG  ;5,91;6,79;7,67;1;18/09/2018
PIMENTA * VERMELHA;EXTRA AA       ;KG  ;7,67;8,59;9,52;1;18/09/2018
PIMENTA CAMBUCI;EXTRA A        ;KG  ;3,32;3,79;4,27;1;18/09/2018
PIMENTA CAMBUCI;EXTRA AA       ;KG  ;4,36;5,05;5,73;1;18/09/2018
PIMENTA VERDE AMERICANA;EXTRA          ;KG  ;3,02;3,24;3,48;1;18/09/2018
PIMENTA VERDE AMERICANA;EXTRA A        ;KG  ;3,63;3,95;4,23;1;18/09/2018
PIMENTA VERDE AMERICANA;EXTRA AA       ;KG  ;4,3;4,68;5,05;1;18/09/2018
PIMENTAO AMARELO;EXTRA AA       ;KG  ;3,2;4,12;5,03;1;18/09/2018
PIMENTAO VERDE;EXTRA          ;KG  ;1,7;1,89;2,06;1;18/09/2018
PIMENTAO VERDE;EXTRA A        ;KG  ;2,2;2,4;2,61;1;18/09/2018
PIMENTAO VERDE;EXTRA AA       ;KG  ;2,71;2,9;3,07;1;18/09/2018
PIMENTAO VERMELHO;EXTRA          ;KG  ;2,99;3,32;3,65;1;18/09/2018
PIMENTAO VERMELHO;EXTRA A        ;KG  ;3,96;4,31;4,66;1;18/09/2018
PIMENTAO VERMELHO;EXTRA AA       ;KG  ;4,89;5,26;5,63;1;18/09/2018
QUIABO LISO;EXTRA          ;KG  ;4,23;4,64;5,04;1;18/09/2018
QUIABO LISO;EXTRA A        ;KG  ;5,1;5,52;5,93;1;18/09/2018
QUIABO LISO;EXTRA AA       ;KG  ;5,97;6,26;6,61;1;18/09/2018
TOMATE ACHATADO;EXTRA A        ;KG  ;1,33;1,48;1,62;1;18/09/2018
TOMATE ACHATADO;EXTRA AA       ;KG  ;1,7;1,87;2,03;1;18/09/2018
TOMATE ACHATADO;EXTRA AAA      ;KG  ;2,12;2,27;2,43;1;18/09/2018
TOMATE CAQUI;EXTRA AA       ;KG  ;3,69;4,82;6,04;1;18/09/2018
TOMATE CEREJA;EXTRA AA       ;KG  ;4,46;4,97;5,49;1;18/09/2018
TOMATE HOLANDES;-;KG  ;4,14;4,76;5,41;1;18/09/2018
TOMATE ITALIANO;EXTRA A        ;KG  ;1,42;1,57;1,72;1;18/09/2018
TOMATE ITALIANO;EXTRA AA       ;KG  ;1,79;1,96;2,12;1;18/09/2018
TOMATE ITALIANO;EXTRA AAA      ;KG  ;2,19;2,36;2,52;1;18/09/2018
TOMATE OBLONGO;EXTRA A        ;KG  ;1,32;1,49;1,66;1;18/09/2018
TOMATE OBLONGO;EXTRA AA       ;KG  ;1,74;1,92;2,09;1;18/09/2018
TOMATE OBLONGO;EXTRA AAA      ;KG  ;2,12;2,27;2,43;1;18/09/2018
TOMATE SWEET GRAPE;EXTRA AA       ;KG  ;7,08;8,01;8,94;1;18/09/2018
VAGEM MACARRAO CURTA;EXTRA          ;KG  ;3,71;4,03;4,34;1;18/09/2018
VAGEM MACARRAO CURTA;EXTRA A        ;KG  ;4,77;5,01;5,24;1;18/09/2018
VAGEM MACARRAO CURTA;EXTRA AA       ;KG  ;5,28;5,55;5,78;1;18/09/2018
VAGEM MANTEIGA;EXTRA          ;KG  ;5,2;5,4;5,6;1;18/09/2018
VAGEM MANTEIGA;EXTRA A        ;KG  ;5,8;6;6,2;1;18/09/2018
VAGEM MANTEIGA;EXTRA AA       ;KG  ;6,5;6,7;6,9;1;18/09/2018
ACELGA ;ESPECIAL       ;ENG ;9;10;11;12;17/09/2018
ACELGA ;EXTRA          ;ENG ;11,45;12,45;13,45;12;17/09/2018
ACELGA ;PRIMEIRA       ;ENG ;7,04;8,04;9,04;12;17/09/2018
AGRIAO ;ESPECIAL       ;ENG ;16,48;17,48;18,48;12;17/09/2018
AGRIAO ;EXTRA          ;ENG ;19,48;20,48;21,48;12;17/09/2018
AGRIAO ;HIDROPONICO    ;ENG ;18,66;19,66;21,17;4;17/09/2018
AGRIAO ;PRIMEIRA       ;ENG ;11,48;12,48;13,48;12;17/09/2018
ALFACE AMERICANA;ESPECIAL       ;ENG ;10,52;11,52;12,52;10;17/09/2018
ALFACE AMERICANA;EXTRA          ;ENG ;14,01;15,01;16,01;10;17/09/2018
ALFACE AMERICANA;PRIMEIRA       ;ENG ;8,72;9,72;10,72;10;17/09/2018
ALFACE CRESPA;ESPECIAL       ;ENG ;10,17;11,17;12,17;7;17/09/2018
ALFACE CRESPA;EXTRA          ;ENG ;12,7;13,7;14,7;7;17/09/2018
ALFACE CRESPA;HIDROPONICA    ;ENG ;16,37;17,37;18,37;4;17/09/2018
ALFACE CRESPA;PRIMEIRA       ;ENG ;7,5;8,43;9,36;7;17/09/2018
ALFACE LISA;ESPECIAL       ;ENG ;12,02;13,02;14,02;8;17/09/2018
ALFACE LISA;EXTRA          ;ENG ;13,95;14,95;15,95;8;17/09/2018
ALFACE LISA;HIDROPONICA    ;ENG ;16,47;17,47;18,47;4;17/09/2018
ALFACE LISA;PRIMEIRA       ;ENG ;8,74;9,74;10,74;8;17/09/2018
ALFACE MIMOSA;HIDROPONICA    ;ENG ;16,47;17,47;18,47;4;17/09/2018
ALFACE ROMANA;-;ENG ;7,06;11;15;8;17/09/2018
ALHO PORRO ;ESPECIAL       ;DZMC;6,58;7,55;8,53;2;17/09/2018
ALHO PORRO ;EXTRA          ;DZMC;8,57;9,57;10,57;2;17/09/2018
ALHO PORRO ;PRIMEIRA       ;DZMC;5,28;5,93;6,57;2;17/09/2018
ALMEIRAO ;ESPECIAL       ;DZMC;14,42;15,42;16,42;6;17/09/2018
ALMEIRAO ;EXTRA          ;DZMC;17,42;18,42;19,42;6;17/09/2018
ALMEIRAO ;PRIMEIRA       ;DZMC;10;11;12;6;17/09/2018
ALMEIRAO PAO DE ACUCAR;ESPECIAL       ;DZMC;13,28;14,28;15,28;12;17/09/2018
ALMEIRAO PAO DE ACUCAR;EXTRA          ;DZMC;16,28;17,28;18,28;12;17/09/2018
ALMEIRAO PAO DE ACUCAR;PRIMEIRA       ;DZMC;10;11;12;12;17/09/2018
ASPARGO ;-;MC  ;11,26;12,26;13,26;0,5;17/09/2018
BETERRABA C/FOL ;ESPECIAL       ;ENG ;15;16;17;20;17/09/2018
BETERRABA C/FOL ;EXTRA          ;ENG ;18;19;20;20;17/09/2018
BETERRABA C/FOL ;PRIMEIRA       ;ENG ;10;11;12;20;17/09/2018
BROCOLOS ;ESPECIAL       ;DZMC;31,23;32,23;33,23;15;17/09/2018
BROCOLOS ;EXTRA          ;DZMC;36,1;37,96;39,39;15;17/09/2018
BROCOLOS NINJA;-;ENG ;17,89;19,37;20,61;8;17/09/2018
CATALONHA ;-;DZMC;8,41;10,82;12,82;6;17/09/2018
CEBOLINHA ;ESPECIAL       ;MC  ;6,33;7,27;8,19;1,2;17/09/2018
CEBOLINHA ;EXTRA          ;MC  ;8,81;9,81;10,81;1,35;17/09/2018
CENOURA C/FOLHA ;ESPECIAL       ;ENG ;18,41;19,41;20,41;20;17/09/2018
CENOURA C/FOLHA ;EXTRA          ;ENG ;22,21;23,21;24,21;20;17/09/2018
CENOURA C/FOLHA ;PRIMEIRA       ;ENG ;14,21;15,21;16,21;20;17/09/2018
CHICORIA ;-;DZMC;8,58;11,28;13,88;6;17/09/2018
COENTRO ;ESPECIAL       ;DZMC;20,07;21,44;22,62;6;17/09/2018
COENTRO ;EXTRA          ;DZMC;24;26,57;28,71;6;17/09/2018
COGUMELO PARIS;-;PCT ;4;4,48;4,95;0,25;17/09/2018
COGUMELO SHIMEJI;-;PCT ;5,93;6,4;6,86;0,2;17/09/2018
COGUMELO SHITAKE;-;PCT ;6,04;6,44;6,79;0,2;17/09/2018
COUVE ;ESPECIAL       ;DZMC;8,93;9,81;10,66;6;17/09/2018
COUVE ;EXTRA          ;DZMC;11,42;12,32;13,23;6;17/09/2018
COUVE ;PRIMEIRA       ;DZMC;7,16;8,04;8,91;6;17/09/2018
COUVE BRUXELAS;EXTRA          ;PCT ;2,61;2,91;3,11;0,25;17/09/2018
COUVE FLOR ;ESPECIAL       ;ENG ;19,71;20,71;21,71;8;17/09/2018
COUVE FLOR ;EXTRA          ;ENG ;22,56;23,56;24,56;8;17/09/2018
COUVE FLOR ;PRIMEIRA       ;ENG ;14,71;15,71;16,71;8;17/09/2018
ERVA DOCE ;ESPECIAL       ;DZMC;17,67;18,67;19,67;8;17/09/2018
ERVA DOCE ;EXTRA          ;DZMC;21,73;23,79;25,32;8;17/09/2018
ERVA DOCE ;PRIMEIRA       ;DZMC;12,21;14,09;15,53;8;17/09/2018
ESCAROLA ;ESPECIAL       ;ENG ;12,57;13,57;14,57;8;17/09/2018
ESCAROLA ;EXTRA          ;ENG ;15,38;16,38;17,38;8;17/09/2018
ESCAROLA ;HIDROPONICA    ;ENG ;16,96;17,96;20;4;17/09/2018
ESCAROLA ;PRIMEIRA       ;ENG ;9,17;10,17;11,17;8;17/09/2018
ESPINAFRE ;ESPECIAL       ;DZMC;10,84;11,84;12,84;6;17/09/2018
ESPINAFRE ;EXTRA          ;DZMC;13,64;14,64;15,64;6;17/09/2018
ESPINAFRE ;PRIMEIRA       ;DZMC;8,62;9,59;10,56;6;17/09/2018
GOBO ;EXTRA          ;MC  ;6,44;7,44;8,44;1;17/09/2018
HORTELA ;-;MC  ;2,14;2,68;3,2;0,15;17/09/2018
LOURO ;-;MC  ;2;2,5;2,99;0,2;17/09/2018
MANJERICÇO ;-;M  ;1,5;1,8;2;0,15;17/09/2018
MILHO VERDE ;-;BD  ;2,49;2,6;2,7;0,7;17/09/2018
MILHO VERDE ;ESPECIAL       ;KG  ;1,54;1,59;1,62;1;17/09/2018
MILHO VERDE ;EXTRA          ;KG  ;1,63;1,68;1,73;1;17/09/2018
MOIASHI ;-;PCT ;3,99;4,49;4,99;0,5;17/09/2018
MOSTARDA ;-;DZMC;13,07;15,29;16,91;6;17/09/2018
NABO ;ESPECIAL       ;MC  ;5,22;5,72;6,19;3;17/09/2018
NABO ;EXTRA          ;MC  ;6,42;7,14;7,81;3;17/09/2018
NABO ;PRIMEIRA       ;MC  ;4,28;4,73;5,12;3;17/09/2018
OREGANO ;-;MC  ;2;2,5;3;0,15;17/09/2018
PALMITO PUPUNHA;-;PC  ;7,14;8,14;9,14;2,5;17/09/2018
RABANETE ;ESPECIAL       ;DZMC;16,97;17,97;18,97;10;17/09/2018
RABANETE ;EXTRA          ;DZMC;20,19;21,34;22,41;10;17/09/2018
RABANETE ;PRIMEIRA       ;DZMC;12,66;13,8;14,87;10;17/09/2018
REPOLHO LISO;EXTRA          ;ENG ;17,29;18,29;19,29;25;17/09/2018
REPOLHO ROXO;EXTRA          ;ENG ;18,22;19,22;20,22;25;17/09/2018
RUCULA ;-;DZMC;15,86;16,86;17,86;6;17/09/2018
RUCULA ;HIDROPONICA    ;ENG ;17,59;18,59;19,59;5;17/09/2018
SALSA ;-;MC  ;8,2;9,48;10,62;2,5;17/09/2018
SALSAO BRANCO/VERDE;ESPECIAL       ;DZMC;18,36;19,36;20,36;10;17/09/2018
SALSAO BRANCO/VERDE;EXTRA          ;DZMC;20,95;21,95;22,95;10;17/09/2018
SALSAO BRANCO/VERDE;PRIMEIRA       ;DZMC;14,01;15,01;16,01;10;17/09/2018
ACELGA ;ESPECIAL       ;ENG ;11,93;12,93;13,93;12;13/09/2018
ACELGA ;EXTRA          ;ENG ;14,13;15,13;16,13;12;13/09/2018
ACELGA ;PRIMEIRA       ;ENG ;8,78;9,78;10,78;12;13/09/2018
AGRIAO ;ESPECIAL       ;ENG ;16,45;17,45;18,45;12;13/09/2018
AGRIAO ;EXTRA          ;ENG ;19,45;20,45;21,45;12;13/09/2018
AGRIAO ;HIDROPONICO    ;ENG ;18,66;19,66;21,17;4;13/09/2018
AGRIAO ;PRIMEIRA       ;ENG ;11,63;12,63;13,63;12;13/09/2018
ALFACE AMERICANA;ESPECIAL       ;ENG ;14,12;15,12;16,12;10;13/09/2018
ALFACE AMERICANA;EXTRA          ;ENG ;16,06;17,06;18,06;10;13/09/2018
ALFACE AMERICANA;PRIMEIRA       ;ENG ;11,54;12,54;13,54;10;13/09/2018
ALFACE CRESPA;ESPECIAL       ;ENG ;13,74;14,74;15,74;7;13/09/2018
ALFACE CRESPA;EXTRA          ;ENG ;15,79;16,79;17,79;7;13/09/2018
ALFACE CRESPA;HIDROPONICA    ;ENG ;16,37;17,37;18,37;4;13/09/2018
ALFACE CRESPA;PRIMEIRA       ;ENG ;10,23;11,23;12,23;7;13/09/2018
ALFACE LISA;ESPECIAL       ;ENG ;14,84;15,84;16,84;8;13/09/2018
ALFACE LISA;EXTRA          ;ENG ;16,75;17,75;18,75;8;13/09/2018
ALFACE LISA;HIDROPONICA    ;ENG ;16,47;17,47;18,47;4;13/09/2018
ALFACE LISA;PRIMEIRA       ;ENG ;10;11;12;8;13/09/2018
ALFACE MIMOSA;HIDROPONICA    ;ENG ;16,47;17,47;18,47;4;13/09/2018
ALFACE ROMANA;-;ENG ;8;10,53;13,6;8;13/09/2018
ALHO PORRO ;ESPECIAL       ;DZMC;6,68;7,68;8,68;2;13/09/2018
ALHO PORRO ;EXTRA          ;DZMC;8,71;9,71;10,71;2;13/09/2018
ALHO PORRO ;PRIMEIRA       ;DZMC;5,35;6,02;6,69;2;13/09/2018
ALMEIRAO ;ESPECIAL       ;DZMC;13;14;15;6;13/09/2018
ALMEIRAO ;EXTRA          ;DZMC;16;17;18;6;13/09/2018
ALMEIRAO ;PRIMEIRA       ;DZMC;10;11;12;6;13/09/2018
ALMEIRAO PAO DE ACUCAR;ESPECIAL       ;DZMC;13,96;14,96;15,96;12;13/09/2018
ALMEIRAO PAO DE ACUCAR;EXTRA          ;DZMC;16,96;17,96;18,96;12;13/09/2018
ALMEIRAO PAO DE ACUCAR;PRIMEIRA       ;DZMC;10,39;11,39;12,39;12;13/09/2018
ASPARGO ;-;MC  ;11,55;12,55;13,55;0,5;13/09/2018
BETERRABA C/FOL ;ESPECIAL       ;ENG ;15;16;17;20;13/09/2018
BETERRABA C/FOL ;EXTRA          ;ENG ;18;19;20;20;13/09/2018
BETERRABA C/FOL ;PRIMEIRA       ;ENG ;10;11;12;20;13/09/2018
BROCOLOS ;ESPECIAL       ;DZMC;28,98;29,98;30,98;15;13/09/2018
BROCOLOS ;EXTRA          ;DZMC;33,68;35,59;37,05;15;13/09/2018
BROCOLOS NINJA;-;ENG ;17,67;18,88;20,09;8;13/09/2018
CATALONHA ;-;DZMC;9,23;11,42;13,34;6;13/09/2018
CEBOLINHA ;ESPECIAL       ;MC  ;6,09;6,98;7,85;1,2;13/09/2018
CEBOLINHA ;EXTRA          ;MC  ;8,49;9,45;10,41;1,35;13/09/2018
CENOURA C/FOLHA ;ESPECIAL       ;ENG ;20;21;22;20;13/09/2018
CENOURA C/FOLHA ;EXTRA          ;ENG ;24,29;26,58;28,22;20;13/09/2018
CENOURA C/FOLHA ;PRIMEIRA       ;ENG ;15;17,29;18,93;20;13/09/2018
CHICORIA ;-;DZMC;9,41;11,83;13,64;6;13/09/2018
COENTRO ;ESPECIAL       ;DZMC;24,45;26,31;27,74;6;13/09/2018
COENTRO ;EXTRA          ;DZMC;28,97;31,25;33,24;6;13/09/2018
COGUMELO PARIS;-;PCT ;4,43;5,14;5,85;0,25;13/09/2018
COGUMELO SHIMEJI;-;PCT ;5,57;6,25;6,93;0,2;13/09/2018
COGUMELO SHITAKE;-;PCT ;6,53;7,09;7,65;0,2;13/09/2018
COUVE ;ESPECIAL       ;DZMC;7,78;8,54;9,28;6;13/09/2018
COUVE ;EXTRA          ;DZMC;10,19;11,15;12,1;6;13/09/2018
COUVE ;PRIMEIRA       ;DZMC;6,07;6,77;7,42;6;13/09/2018
COUVE BRUXELAS;EXTRA          ;PCT ;2,69;3;3,22;0,25;13/09/2018
COUVE FLOR ;ESPECIAL       ;ENG ;18,62;19,62;20,62;8;13/09/2018
COUVE FLOR ;EXTRA          ;ENG ;21,6;22,6;23,6;8;13/09/2018
COUVE FLOR ;PRIMEIRA       ;ENG ;13,65;14,65;15,65;8;13/09/2018
ERVA DOCE ;ESPECIAL       ;DZMC;21,37;22,37;23,37;8;13/09/2018
ERVA DOCE ;EXTRA          ;DZMC;25,43;26,43;27,43;8;13/09/2018
ERVA DOCE ;PRIMEIRA       ;DZMC;16,37;17,37;18,37;8;13/09/2018
ESCAROLA ;ESPECIAL       ;ENG ;13,93;14,93;15,93;8;13/09/2018
ESCAROLA ;EXTRA          ;ENG ;16,92;17,92;18,92;8;13/09/2018
ESCAROLA ;HIDROPONICA    ;ENG ;16,96;17,96;20;4;13/09/2018
ESCAROLA ;PRIMEIRA       ;ENG ;9,57;10,57;11,57;8;13/09/2018
ESPINAFRE ;ESPECIAL       ;DZMC;10,98;11,98;12,98;6;13/09/2018
ESPINAFRE ;EXTRA          ;DZMC;13,5;14,5;15,5;6;13/09/2018
ESPINAFRE ;PRIMEIRA       ;DZMC;8,23;9,2;10,16;6;13/09/2018
GOBO ;EXTRA          ;MC  ;6,44;7,44;8,44;1;13/09/2018
HORTELA ;-;MC  ;2,13;2,62;3,09;0,15;13/09/2018
LOURO ;-;MC  ;2,02;2,52;3,02;0,2;13/09/2018
MANJERICÇO ;-;M  ;1,5;1,8;2;0,15;13/09/2018
MILHO VERDE ;-;BD  ;2,82;2,95;3,06;0,7;13/09/2018
MILHO VERDE ;ESPECIAL       ;KG  ;1,51;1,55;1,58;1;13/09/2018
MILHO VERDE ;EXTRA          ;KG  ;1,63;1,68;1,73;1;13/09/2018
MOIASHI ;-;PCT ;4,4;4,74;4,99;0,5;13/09/2018
MOSTARDA ;-;DZMC;13,79;16,58;18,98;6;13/09/2018
NABO ;ESPECIAL       ;MC  ;4,83;5,24;5,63;3;13/09/2018
NABO ;EXTRA          ;MC  ;5,89;6,57;7,2;3;13/09/2018
NABO ;PRIMEIRA       ;MC  ;4,02;4,3;4,55;3;13/09/2018
OREGANO ;-;MC  ;2;2,5;3;0,15;13/09/2018
PALMITO PUPUNHA;-;PC  ;8;9;10;2,5;13/09/2018
RABANETE ;ESPECIAL       ;DZMC;21,13;22,13;23,13;10;13/09/2018
RABANETE ;EXTRA          ;DZMC;24,71;25,98;27,11;10;13/09/2018
RABANETE ;PRIMEIRA       ;DZMC;16,13;17,13;18,13;10;13/09/2018
REPOLHO LISO;EXTRA          ;ENG ;17,59;18,59;19,59;25;13/09/2018
REPOLHO ROXO;EXTRA          ;ENG ;18,25;19,25;20,25;25;13/09/2018
RUCULA ;-;DZMC;18;19;20;6;13/09/2018
RUCULA ;HIDROPONICA    ;ENG ;17,59;18,59;19,59;5;13/09/2018
SALSA ;-;MC  ;6,27;7,27;8,27;2,5;13/09/2018
SALSAO BRANCO/VERDE;ESPECIAL       ;DZMC;18,13;19,13;20,13;10;13/09/2018
SALSAO BRANCO/VERDE;EXTRA          ;DZMC;20,72;21,72;22,72;10;13/09/2018
SALSAO BRANCO/VERDE;PRIMEIRA       ;DZMC;13,98;14,98;15,98;10;13/09/2018
ALHO ;TIPO 5         ;KG  ;9,74;10,26;10,78;1;12/09/2018
ALHO ;TIPO 6         ;KG  ;10,78;11,64;12,5;1;12/09/2018
ALHO ;TIPO 7         ;KG  ;12,5;13,05;13,61;1;12/09/2018
ALHO ESTRANG. CHINES;TIPO 6/7       ;KG  ;9;10;10,5;1;12/09/2018
AMENDOIM COM CASCA;-;SC  ;97,37;102,37;107,37;25;12/09/2018
AMENDOIM S/CASCA;-;SC  ;127;132,13;137,13;25;12/09/2018
BATATA ASTERIX;ESPECIAL       ;KG  ;1,21;1,31;1,41;1;12/09/2018
BATATA ESCOVADA;ESPECIAL       ;KG  ;1,37;1,47;1,57;1;12/09/2018
BATATA ESCOVADA;NOIVA          ;KG  ;1,6;1,7;1,8;1;12/09/2018
BATATA LAVADA;BONECA         ;KG  ;0,38;0,48;0,57;1;12/09/2018
BATATA LAVADA;ESPECIAL       ;KG  ;0,89;0,99;1,09;1;12/09/2018
BATATA LAVADA;FLORÇO         ;KG  ;0,7;0,8;0,89;1;12/09/2018
BATATA LAVADA;NOIVA          ;KG  ;1,15;1,24;1,33;1;12/09/2018
BATATA LAVADA;1a.ESPECIALZINH;KG  ;0,39;0,48;0,57;1;12/09/2018
BATATA LAVADA;2a.BOLINHA     ;KG  ;1,23;1,33;1,42;1;12/09/2018
CANJICA ;-;KG  ;2,8;2,9;3;1;12/09/2018
CEBOLA NACIONAL;GRAUDA         ;KG  ;0,94;1,01;1,07;1;12/09/2018
CEBOLA NACIONAL;MEDIA          ;KG  ;0,91;0,98;1,04;1;12/09/2018
CEBOLA NACIONAL;MIUDA          ;KG  ;0,71;0,8;0,89;1;12/09/2018
CEBOLA ROXA;GRAUDA         ;KG  ;1,85;1,95;2,06;1;12/09/2018
CEBOLA ROXA;MEDIA          ;KG  ;1,85;1,95;2,06;1;12/09/2018
CEBOLA ROXA;MIUDA          ;KG  ;1,48;1,58;1,68;1;12/09/2018
COCO SECO ;-;SC  ;50,36;52,26;53,72;20;12/09/2018
M.PIPOCA ESTRAN ;-;SC  ;58,29;59,57;60,71;22,6;12/09/2018
OVOS BRANCO;EXTRA          ;CX  ;84,44;85,44;86,44;23;12/09/2018
OVOS BRANCO;EXTRA EMBALADO ;BD  ;10,33;10,51;10,65;2;12/09/2018
OVOS BRANCO;GRANDE         ;CX  ;83,11;84,11;85,11;20;12/09/2018
OVOS BRANCO;GRANDE EMBALADO;BD  ;9,93;10,16;10,32;1,8;12/09/2018
OVOS BRANCO;MEDIO          ;CX  ;80,81;81,81;82,81;18;12/09/2018
OVOS BRANCO;PEQUENO        ;CX  ;75,52;76,52;77,52;17;12/09/2018
OVOS CODORNA;-;BD  ;2,8;2,9;3;0,3;12/09/2018
OVOS VERMELHO;EXTRA          ;CX  ;95,6;96,6;97,6;23;12/09/2018
